{
  "syllable_duration": {
    "mean": 588.0851063829788,
    "median": 480,
    "std": 380.72378609051617,
    "min": 180,
    "max": 1920
  },
  "phrase_start_duration": {
    "mean": 430,
    "median": 420.0,
    "std": 209.2844953645635,
    "min": 180,
    "max": 720
  },
  "phrase_end_duration": {
    "mean": 1213.3333333333333,
    "median": 1200.0,
    "std": 402.9226559361817,
    "min": 720,
    "max": 1920
  },
  "bpm": {
    "mean": 116.66666666666667,
    "median": 124.0,
    "std": 30.004444115275103,
    "min": 72,
    "max": 150
  },
  "duration_by_word_length": {
    "4": {
      "mean": 743.3333333333334,
      "median": 660.0,
      "std": 381.9408172463214,
      "min": 240,
      "max": 1440
    },
    "1": {
      "mean": 465,
      "median": 480.0,
      "std": 241.8677324489565,
      "min": 180,
      "max": 720
    },
    "5": {
      "mean": 565.7142857142857,
      "median": 480,
      "std": 283.2464852889995,
      "min": 240,
      "max": 960
    },
    "2": {
      "mean": 386.6666666666667,
      "median": 320,
      "std": 238.11761799581316,
      "min": 180,
      "max": 960
    },
    "3": {
      "mean": 636,
      "median": 420.0,
      "std": 567.9436591775632,
      "min": 180,
      "max": 1920
    },
    "7": {
      "mean": 640,
      "median": 480,
      "std": 277.1281292110204,
      "min": 480,
      "max": 960
    },
    "6": {
      "mean": 570,
      "median": 570.0,
      "std": 381.8376618407357,
      "min": 300,
      "max": 840
    }
  },
  "vibrato_usage": {
    "total_notes": 47,
    "notes_with_vibrato": 0,
    "vibrato_percentage": 0
  }
}